Car,Stars,Client,Feedback
Dacia Logan Sedan 99 White,5,Elon,Too expensive
Dacia Logan Sedan 99 White,5,Elon,Too expensive
Dacia Logan Sedan 99 White,5,Elon,Too expensive
Dacia Logan Sedan 99 White,5,Elon,Too expensive
Dacia Logan Sedan 99 White,5,Elon,Too expensive
Dacia Logan Sedan 99 White,5,Elon,Too expensive
Dacia Logan Sedan 99 White,5,Elon,Too expensive
Dacia Logan Sedan 99 White,5,Elon,Too expensive
Dacia Logan Sedan 99 White,5,Elon,Too expensive
Dacia Logan Sedan 99 White,5,Elon,Too expensive
Dacia Logan Sedan 99 White,5,Elon,Too expensive
Dacia Logan Sedan 99 White,5,Elon,Too expensive
Dacia Logan Sedan 99 White,5,Elon,Too expensive
Dacia Logan Sedan 99 White,5,Elon,Too expensive
Dacia Logan Sedan 99 White,5,Elon,Too expensive
Dacia Logan Sedan 99 White,5,Elon,Too expensive
Dacia Logan Sedan 99 White,5,Elon,Too expensive
Dacia Logan Sedan 99 White,5,Elon,Too expensive
Dacia Logan Sedan 99 White,5,Elon,Too expensive
Dacia Logan Sedan 99 White,5,Elon,Too expensive
Dacia Logan Sedan 99 White,5,Elon,Too expensive
Dacia Logan Sedan 99 White,5,Elon,Too expensive
Dacia Logan Sedan 99 White,5,Elon,Too expensive
Dacia Logan Sedan 99 White,5,Elon,Too expensive
163White,5,Elon,Too expensive
0,5,1,Too expensive
0,5,1,Too expensive
0,5,1,Too expensive
0,5,1,Too expensive
0,5,1,Too expensive
0,5,1,Too expensive
0,5,1,Too expensive
0,5,1,Too expensive
0,5,1,Too expensive
0,5,1,Too expensive
0,5,1,Too expensive
0,5,1,Too expensive
0,5,1,Too expensive
0,5,1,Too expensive
0,5,1,Too expensive
0,5,1,Too expensive
0,5,1,Too expensive
0,5,1,Too expensive
0,5,1,Too expensive
0,5,1,Too expensive
0,5,1,Too expensive
0,5,1,Too expensive
0,5,1,Too expensive
0,5,1,Too expensive
0,5,1,Too expensive
0,5,1,Too expensive
0,5,1,Too expensive
0,5,1,Too expensive
0,5,1,Too expensive
0,5,1,Too expensive
0,5,1,Too expensive
0,5,1,Too expensive
0,5,1,Too expensive
0,5,1,Too expensive
0,5,1,Too expensive
0,5,1,Too expensive
0,5,1,Too expensive
0,5,1,Too expensive
0,5,1,Too expensive
0,5,1,Too expensive
0,5,1,Too expensive
0,5,1,Too expensive
0,5,1,Too expensive
0,5,1,Too expensive
